{"cameraMode":{"drawMode":0,"name":"Shaded","section":"Shading Mode"},"sceneLighting":true,"audioPlay":false,"sceneViewState":{"showFog":true,"showMaterialUpdate":false,"showSkybox":true,"showFlares":true,"showImageEffects":true,"showParticleSystems":true},"in2DMode":false,"pivot":{"x":3.6237688064575197,"y":0.08950883150100708,"z":6.112541198730469},"rotation":{"x":0.09847370535135269,"y":-0.03373152017593384,"z":-0.0033397565130144359,"w":-0.99456387758255},"size":5.0119757652282719,"orthographic":true}